DATABASE	TOKEN
/scif/data/expfactory/fe806de6-c5ae-458a-a497-df6b9fb0a9d9	fe806de6-c5ae-458a-a497-df6b9fb0a9d9[revoked]
/scif/data/expfactory/0aadae0f-adc6-4276-81f3-8375b0f3d448	0aadae0f-adc6-4276-81f3-8375b0f3d448[active]
/scif/data/expfactory/91fd0998-c1cf-4a5e-93f6-34507b2d1906	91fd0998-c1cf-4a5e-93f6-34507b2d1906[active]
/scif/data/expfactory/b7d7097d-243d-4b6b-bbf2-dbac485805a9	b7d7097d-243d-4b6b-bbf2-dbac485805a9[active]
/scif/data/expfactory/90490caf-5161-4abe-9064-82c1a7650c0d	90490caf-5161-4abe-9064-82c1a7650c0d[active]
/scif/data/expfactory/fcf53ecc-0e89-4ebe-b037-eb4f177db2de	fcf53ecc-0e89-4ebe-b037-eb4f177db2de[active]
/scif/data/expfactory/cb6f53bc-35b0-4270-803c-3048e2aca3b7	cb6f53bc-35b0-4270-803c-3048e2aca3b7[active]
/scif/data/expfactory/e87a27dd-8daf-4edd-9f3c-abb493a3ef27	e87a27dd-8daf-4edd-9f3c-abb493a3ef27[active]
/scif/data/expfactory/11cd5dcf-d2b8-41c4-bebb-55611a180631	11cd5dcf-d2b8-41c4-bebb-55611a180631[active]
/scif/data/expfactory/7d1d7154-40dc-4768-85c1-87a771418cfd	7d1d7154-40dc-4768-85c1-87a771418cfd[active]
/scif/data/expfactory/24dc208f-1eb5-4436-98b9-03c9a6a7c378	24dc208f-1eb5-4436-98b9-03c9a6a7c378[active]
/scif/data/expfactory/3d19c18b-b209-4b3b-bff3-9d8278013c48	3d19c18b-b209-4b3b-bff3-9d8278013c48[active]
/scif/data/expfactory/00ae6feb-734f-45d2-88a1-02d7e4a8c82b	00ae6feb-734f-45d2-88a1-02d7e4a8c82b[active]
/scif/data/expfactory/91a39e1e-b269-4d00-86ad-9fb0d826b788	91a39e1e-b269-4d00-86ad-9fb0d826b788[active]
/scif/data/expfactory/7b06e89d-da1c-42a1-90d5-fdeace9e3dab	7b06e89d-da1c-42a1-90d5-fdeace9e3dab[active]
/scif/data/expfactory/3a40556e-0046-4f55-8560-0e7aa61a4b20	3a40556e-0046-4f55-8560-0e7aa61a4b20[active]
/scif/data/expfactory/b2ae62f5-523b-4465-a795-4a5d6fb71773	b2ae62f5-523b-4465-a795-4a5d6fb71773[active]
/scif/data/expfactory/e042f11d-4e9e-49dd-9564-bcad0292d564	e042f11d-4e9e-49dd-9564-bcad0292d564[active]
/scif/data/expfactory/94421e58-7c01-4048-816b-12bcab4c451d	94421e58-7c01-4048-816b-12bcab4c451d[active]
/scif/data/expfactory/57fb7427-2066-40cb-a8db-35866ef10021	57fb7427-2066-40cb-a8db-35866ef10021[active]
/scif/data/expfactory/a3c89149-f98d-4c9a-a75a-cc8c60530c79	a3c89149-f98d-4c9a-a75a-cc8c60530c79[active]
/scif/data/expfactory/1fc2a809-9ebc-4e21-9185-3fd134706dde	1fc2a809-9ebc-4e21-9185-3fd134706dde[active]
/scif/data/expfactory/920bf671-bd6f-49ad-9296-55d28322f9b1	920bf671-bd6f-49ad-9296-55d28322f9b1[active]
/scif/data/expfactory/d3842f97-6fb9-445b-a1c8-5b89b84dbe9c	d3842f97-6fb9-445b-a1c8-5b89b84dbe9c[active]
/scif/data/expfactory/d875ef98-fb30-4e29-a2a4-89b77cee195a	d875ef98-fb30-4e29-a2a4-89b77cee195a[active]
/scif/data/expfactory/32ed3291-bbac-4d9c-bc58-fa83adb87465	32ed3291-bbac-4d9c-bc58-fa83adb87465[active]
/scif/data/expfactory/8891e496-38de-45cb-8da8-0114fe6fddde	8891e496-38de-45cb-8da8-0114fe6fddde[active]
/scif/data/expfactory/656cd213-f964-4281-b9ce-4e2705fd5cc5	656cd213-f964-4281-b9ce-4e2705fd5cc5[active]
/scif/data/expfactory/1f596210-183a-430a-968e-df1df9076b1c	1f596210-183a-430a-968e-df1df9076b1c[active]
/scif/data/expfactory/90367ed4-840a-43f4-9c0a-25a88c5d6547	90367ed4-840a-43f4-9c0a-25a88c5d6547[active]
/scif/data/expfactory/e0a2ee91-c301-4e79-8861-b8e51a66b73a	e0a2ee91-c301-4e79-8861-b8e51a66b73a[active]
/scif/data/expfactory/ee25f2fe-8d48-49c6-816e-c615ba54286c	ee25f2fe-8d48-49c6-816e-c615ba54286c[active]
/scif/data/expfactory/380934a9-d371-4436-af3e-72517c659c95	380934a9-d371-4436-af3e-72517c659c95[active]
/scif/data/expfactory/01bd7806-eb05-4ba9-b90f-dc613028c397	01bd7806-eb05-4ba9-b90f-dc613028c397[active]
/scif/data/expfactory/b429b050-17b6-4f7b-997b-cddfbce839d8	b429b050-17b6-4f7b-997b-cddfbce839d8[active]
/scif/data/expfactory/02f1c087-1767-409a-9e2a-49be14cefb5e	02f1c087-1767-409a-9e2a-49be14cefb5e[active]
/scif/data/expfactory/536c7a53-0140-45e5-a41f-a67ccb5c3096	536c7a53-0140-45e5-a41f-a67ccb5c3096[active]
/scif/data/expfactory/796f47ad-946b-4aad-9617-4d9eeac44ae6	796f47ad-946b-4aad-9617-4d9eeac44ae6[active]
/scif/data/expfactory/b1b31a12-164f-41ee-8805-0d76ffa909f8	b1b31a12-164f-41ee-8805-0d76ffa909f8[active]
/scif/data/expfactory/dfd26f84-6d28-487d-8522-253780dfdcc4	dfd26f84-6d28-487d-8522-253780dfdcc4[active]
/scif/data/expfactory/449e1db0-22ea-4f53-ab87-5b450580e714	449e1db0-22ea-4f53-ab87-5b450580e714[active]
/scif/data/expfactory/74ac5107-7061-4d97-bc67-137f1c31ac13	74ac5107-7061-4d97-bc67-137f1c31ac13[active]
/scif/data/expfactory/912f36d5-41e7-4154-a73e-c89fbbbeac40	912f36d5-41e7-4154-a73e-c89fbbbeac40[active]
/scif/data/expfactory/df36b875-6b47-4424-a611-d1ce68e26dba	df36b875-6b47-4424-a611-d1ce68e26dba[active]
/scif/data/expfactory/77e284b8-3507-496b-89ff-b3f45d7d2644	77e284b8-3507-496b-89ff-b3f45d7d2644[active]
/scif/data/expfactory/5b19908a-ccf0-4dff-b023-fcbc911f4b7b	5b19908a-ccf0-4dff-b023-fcbc911f4b7b[active]
/scif/data/expfactory/6972e135-581b-424b-82ec-d40690e014b9	6972e135-581b-424b-82ec-d40690e014b9[active]
/scif/data/expfactory/34b2d24f-2d25-4715-b2b2-49200a142686	34b2d24f-2d25-4715-b2b2-49200a142686[active]
/scif/data/expfactory/5f610d90-89fb-42be-86ff-07b4f188e2ad	5f610d90-89fb-42be-86ff-07b4f188e2ad[active]
/scif/data/expfactory/650289ed-5b63-43e4-b82a-47791e430b11	650289ed-5b63-43e4-b82a-47791e430b11[active]
/scif/data/expfactory/4b7409a6-6561-489f-8cf1-029acca66c29	4b7409a6-6561-489f-8cf1-029acca66c29[active]
/scif/data/expfactory/70ba6523-95f0-4cf0-9685-87766dc71772	70ba6523-95f0-4cf0-9685-87766dc71772[active]
/scif/data/expfactory/f0586a85-76f6-486f-a92b-903c99981d24	f0586a85-76f6-486f-a92b-903c99981d24[active]
/scif/data/expfactory/7b60dd4b-6a3f-480d-a3c5-986f6e238695	7b60dd4b-6a3f-480d-a3c5-986f6e238695[active]
/scif/data/expfactory/e0dac1ef-96ca-43b7-9cf9-76ae7beae620	e0dac1ef-96ca-43b7-9cf9-76ae7beae620[active]
/scif/data/expfactory/eec118c9-f476-429f-b705-8ce33041a0d3	eec118c9-f476-429f-b705-8ce33041a0d3[active]
/scif/data/expfactory/0254ad36-363a-4142-ae37-a2f1fb053e15	0254ad36-363a-4142-ae37-a2f1fb053e15[active]
/scif/data/expfactory/80607308-514c-45fa-81d1-e1b196fd8474	80607308-514c-45fa-81d1-e1b196fd8474[active]
/scif/data/expfactory/1eba2b2c-3900-4ee6-a4c7-f17f551bf2a8	1eba2b2c-3900-4ee6-a4c7-f17f551bf2a8[active]
/scif/data/expfactory/8154edf9-e8fa-43af-9a7a-121511c66e07	8154edf9-e8fa-43af-9a7a-121511c66e07[active]
/scif/data/expfactory/4c50375c-f806-425a-b569-36c11bc364e5	4c50375c-f806-425a-b569-36c11bc364e5[active]
/scif/data/expfactory/a9138c1d-652d-4f2b-b478-6dca7cfd75e5	a9138c1d-652d-4f2b-b478-6dca7cfd75e5[active]
/scif/data/expfactory/76989f8d-aca6-4f9c-8e2d-94da7cab4cd1	76989f8d-aca6-4f9c-8e2d-94da7cab4cd1[active]
/scif/data/expfactory/14b7216c-765a-4dcd-8929-63ab65043dce	14b7216c-765a-4dcd-8929-63ab65043dce[active]
/scif/data/expfactory/e75e2720-d330-40f8-a4b5-ac6313c2a9e1	e75e2720-d330-40f8-a4b5-ac6313c2a9e1[active]
/scif/data/expfactory/2c92897f-796d-4aab-9c63-5d07f4308c12	2c92897f-796d-4aab-9c63-5d07f4308c12[active]
/scif/data/expfactory/f78ca182-3bbc-4c70-9123-903827076128	f78ca182-3bbc-4c70-9123-903827076128[active]
/scif/data/expfactory/0c663e34-54a1-4c23-a6c9-1df35ba00416	0c663e34-54a1-4c23-a6c9-1df35ba00416[active]
/scif/data/expfactory/7fa290a1-20b7-4f43-a306-8b0cd6619858	7fa290a1-20b7-4f43-a306-8b0cd6619858[active]
/scif/data/expfactory/9923e840-29c4-416b-a054-cf3fb22b0bb7	9923e840-29c4-416b-a054-cf3fb22b0bb7[active]
/scif/data/expfactory/7d25c784-c64e-4ec5-800a-02f293aec791	7d25c784-c64e-4ec5-800a-02f293aec791[active]
/scif/data/expfactory/299b4d51-e312-4cef-96c9-dcfa39a3c5f3	299b4d51-e312-4cef-96c9-dcfa39a3c5f3[active]
/scif/data/expfactory/bd52608e-9f85-4a7f-958d-c34a04ae3609	bd52608e-9f85-4a7f-958d-c34a04ae3609[active]
/scif/data/expfactory/8f25716b-013f-4508-8817-1be2e62d23a3	8f25716b-013f-4508-8817-1be2e62d23a3[active]
/scif/data/expfactory/784c21a7-13a2-480c-aaec-ee8b3e741350	784c21a7-13a2-480c-aaec-ee8b3e741350[active]
/scif/data/expfactory/ff6d3100-7018-4c0f-bfa5-496a0b349ef6	ff6d3100-7018-4c0f-bfa5-496a0b349ef6[active]
/scif/data/expfactory/425e3a75-8828-4a3d-8c57-73106456b0e4	425e3a75-8828-4a3d-8c57-73106456b0e4[active]
/scif/data/expfactory/ca9b3124-4475-46b4-a861-5ac2f197015f	ca9b3124-4475-46b4-a861-5ac2f197015f[active]
/scif/data/expfactory/ad4ed29a-ec56-4b44-8c7c-88e8dcbedc67	ad4ed29a-ec56-4b44-8c7c-88e8dcbedc67[active]
/scif/data/expfactory/9c3d91c1-ca69-4143-b3cd-aac409b61115	9c3d91c1-ca69-4143-b3cd-aac409b61115[active]
